{"count":1,"self":18.958753599999998,"total":19.2225628,"children":{"InitializeActuators":{"count":5,"self":0.00099739999999999985,"total":0.00099739999999999985,"children":null},"InitializeSensors":{"count":5,"self":0.00099739999999999985,"total":0.00099739999999999985,"children":null},"AgentSendState":{"count":733,"self":0.0050028999999999994,"total":0.0199517,"children":{"CollectObservations":{"count":735,"self":0.0029822,"total":0.0029822,"children":null},"WriteActionMask":{"count":735,"self":0,"total":0,"children":null},"RequestDecision":{"count":735,"self":0.011966599999999999,"total":0.011966599999999999,"children":null}}},"DecideAction":{"count":733,"self":0.22539779999999998,"total":0.22539779999999998,"children":null},"AgentAct":{"count":733,"self":0.015467999999999999,"total":0.015467999999999999,"children":null}},"gauges":{"CubeAgent.CumulativeReward":{"count":1,"max":1.19999993,"min":1.19999993,"runningAverage":1.19999993,"value":1.19999993,"weightedAverage":1.19999993}},"metadata":{"timer_format_version":"0.1.0","start_time_seconds":"1645542231","unity_version":"2020.3.21f1c1","command_line_arguments":"F:\\Unity\\Unity 2020.3.21f1c1\\Editor\\Unity.exe -createproject D:\\AdvanceProgramming\\HW3 -cloneFromTemplate F:\\Unity\\Unity 2020.3.21f1c1\\Editor\\Data\\Resources\\PackageManager\\ProjectTemplates\\com.unity.template.3d-5.0.4.tgz -cloudOrganization  -cloudEnvironment production -useHub -hubIPC -hubSessionId fb14e480-93ef-11ec-98d3-d3ac4d4dc616 -accessToken zqLtdkvtvMmON5jpTyTYPjUgwshCnYAVsFd0uase0gk01ef","communication_protocol_version":"1.5.0","com.unity.ml-agents_version":"2.2.1-exp.1","scene_name":"SampleScene","end_time_seconds":"1645542250"}}